City	locality	state 
delhi	AGCR Enclave	delhi 
	AIIMS	
	Aali	
	Aashirwaad Chowk	
	Abhey Garden	
	Abul Fazal Enclave Part 1	
	Abul Fazal Enclave Part 2	
	Acharya Niketan	
	Adarsh Nagar	
	Adhchini	
	Adhyapak Nagar	
	Aero City	
	Africa Avenue	
	Agar Nagar	
	Ajit Nagar	
	Ajmeri Gate	
	Akash Vihar	
	Akbarpur Majra	
	Alaknanda	
	Ali Vihar	
	Aliganj	
	Alipur	
	Aman Vihar	
	Amar Colony	
	Ambar Hai Village	
	Ambica Vihar	
	Amrita Shergill Marg	
	Amritpuri	
	Anand Gram	
	Anand Lok	
	Anand Niketan	
	Anand Parbat	
	Anand Vihar	
	Anarkali Colony	
	Andheria Mor	
	Andrews Ganj	
	Ansari Nagar East	
	Ansari Nagar West	
	Ansari Road	
	Anup Nagar	
	Anupam Garden	
	Aps Colony	
	Aradhana Enclave	
	Aram Bagh	
	Arjun Garh	
	Arjun Nagar	
	Arjun Vihar	
	Aruna Nagar	
	Arya Pura	
	Asaf Ali Road	
	Asalatpur Village	
	Asha Park	
	Ashok Nagar	
	Ashok Vihar	
	Ashoka Niketan	
	Ashram	
	Asiad village	
	Asmara Lines	
	Asola	
	Auchandi	
	Aurobindo Marg	
	Aya Nagar	
	Ayur Vigyan Nagar	
	Azad Market	
	Azad Nagar	
	Azadpur	
	Azim Dairy	
	Baba Colony	
	Baba Kharak Singh Marg Area	
	Baba Nagar	
	Babar Road	
	Babarpur	
	Babu Nagar	
	Badarpur	
	Badhosra	
	Badli	
	Badu Sarai	
	Bagdola	
	Bagiabad	
	Bahapur	
	Baird Place	
	Bakarwala	
	Bakhtawarpur	
	Balbir Nagar	
	Bali Nagar	
	Baljit Nagar	
	Baljit Vihar	
	Ballabgarh	
	Bamnoli Village	
	Bangali Colony	
	Bank Enclave	
	Bankner	
	Bankoli	
	Bapa Nagar	
	Bapraula	
	Baqar Garh	
	Bara Hindu Rao	
	Baradari	
	Barakhamba	
	Baraula Village	
	Barwala	
	Basai Darapur	
	Basant Gaon	
	Basant Lok	
	Batla House	
	Bawana	
	Bazidpur Thakran	
	Begam Vihar	
	Begampur	
	Beholpur Bangar	
	Bengali Market	
	Ber Sarai	
	Bhagat Singh Market	
	Bhagat Singh Park	
	Bhagat Vihar	
	Bhagirathi Vihar	
	Bhagwan Das Nagar	
	Bhagwan Nagar	
	Bhagwanpur Khera	
	Bhagwati Garden	
	Bhagwati Vihar	
	Bhagya Vihar	
	Bhai Vir Singh Marg Area	
	Bhajanpura	
	Bhalswa	
	Bharat Nagar	
	Bharat Vihar	
	Bharola	
	Bharthal	
	Bharti Nagar	
	Bhati Village	
	Bhavishyanidhi Enclave	
	Bhera Enclave	
	Bhikaji Cama Place	
	Bhogal	
	Bhola Nath Nagar	
	Bhorgarh	
	Bhuli Bhatiyari	
	Bihari Colony	
	Biharipur	
	Bijwasan	
	Bindapur	
	Bk Dutt Colony	
	Bodella	
	Brahmpuri	
	Budh Nagar	
	Budh Vihar	
	Budhanpur	
	Budhela Village	
	Budhpur Bijapur	
	Bulla Colony	
	Burari	
	CC Colony	
	Cariappa Vihar	
	Central Ridge Forest Area	
	Central Secretariat	
	Chaman Vihar	
	Chanakya Place	
	Chanakyapuri	
	Chand Bagh	
	Chand Nagar	
	Chandan Hola	
	Chandan Singh Park	
	Chandan Vihar	
	Chander Nagar	
	Chander Vihar	
	Chanderlok	
	Chandni Chowk	
	Chandni Mahal	
	Chandpur	
	Chandra Nagar	
	Chandrawal	
	Chattarpurc	
	Chauhan Bangar	
	Chawri Bazar	
	Chhajjupur	
	Chhawla	
	Chilla	
	Chirag Delhi	
	Chitra Vihar	
	Chitrakoot	
	Chitral Lines	
	Chittaranjan Park	
	Chokhandi	
	Chuna Mandi	
	Civil Aviation Colony	
	Civil Lines	
	Commonwealth Games Village	
	Connaught Place	
	DND Flyover Area	
	Dabri	
	Dakshinpuri	
	Dallupura	
	Dariba kalan	
	Darshan Vihar	
	Daryaganj	
	Daryapur Kalan	
	Daryapur Khurd	
	Dasghara	
	Dashrathpuri	
	Daulatpur	
	Daurala	
	Daya Basti	
	Dayalpur	
	Dayanand Colony	
	Dayanand Vihar	
	Deenpur	
	Defence Colony	
	Delhi Cantonment	
	Delhi Golf Club	
	Delhi Gymkhana Club	
	Delhi Hapur Road	
	Delhi High Court	
	Delhi Race Club	
	Delhi University	
	Deoli	
	Dera	
	Derawal Nagar	
	Devli	
	Dhaka Village	
	Dhansa	
	Dharampura	
	Dhaula Kuan	
	Dhirpur	
	Dhul Siras Village	
	Dichaon Kalan	
	Dilli Haat	
	Dilshad Colony	
	Dilshad Garden	
	Dindarpur	
	Diz Area	
	Dr APJ Abdul Kalam Road	
	Dr Ambedkar Nagar	
	Dr Mukherjee Nagar	
	Durga Vihar	
	Durgapuri	
	Dwarka	
	Dwarka Mor	
	Dwarka Nasirpur Harijan Basti	
	Dwarka Sector 1	
	Dwarka Sector 10	
	Dwarka Sector 11	
	Dwarka Sector 12	
	Dwarka Sector 13	
	Dwarka Sector 14	
	Dwarka Sector 15	
	Dwarka Sector 16A	
	Dwarka Sector 16D	
	Dwarka Sector 17	
	Dwarka Sector 18	
	Dwarka Sector 18A	
	Dwarka Sector 18B	
	Dwarka Sector 21	
	Dwarka Sector 22	
	Dwarka Sector 23	
	Dwarka Sector 24	
	Dwarka Sector 25	
	Dwarka Sector 3	
	Dwarka Sector 4	
	Dwarka Sector 5	
	Dwarka Sector 6	
	Dwarka Sector 7	
	Dwarka Sector 8	
	Dwarka Sector 9	
	Dwarka sector 30	
	Dwarka sector 98	
	East Of Kailash	
	Faridpuri	
	Fateh Nagar	
	Fatehpuri	
	Firoz Shah Kotla Stadium	
	Firozeshah Road	
	Freedom Fighters Vihar	
	Friends Colony	
	GT Karnal Road	
	GTB Enclave	
	GTB Nagar	
	Gadaipur	
	Gafoor Nagar	
	Gagan Vihar	
	Gandhi Nagar	
	Gandhi Vihar	
	Ganesh Nagar	
	Ganga Vihar	
	Garhi	
	Gautam Nagar	
	Gautampuri	
	Gazipur	
	Geeta Colony	
	Geetanjali Enclave	
	Ghaffar Manzil Colony	
	Ghalibpur	
	Gharo	
	Gharoli	
	Ghatesar	
	Ghazipur	
	Ghevra	
	Ghitorni	
	Ghoga	
	Ghondli	
	Giri Nagar	
	Goela Dairy	
	Goela Khurd	
	Gokalpur	
	Gokalpuri	
	Gola Kuan	
	Gole Dak Khana	
	Gole Market	
	Golf Links	
	Goman Hera	
	Gopal Nagar	
	Gopal Pur	
	Gopal Vihar	
	Gorakh Park East	
	Gorakh Park West	
	Govindpura	
	Govindpuri	
	Goyla Village	
	Greater Kailash	
	Greater Kailash 1	
	Greater Kailash 2	
	Greater Kailash 3	
	Greater Kailash 4	
	Green Park	
	Grih Kalyan Niwas	
	Gujrawala Nagar	
	Gulabi Bagh	
	Gulmohar Enclave	
	Gulmohar Park	
	Guru Angad Nagar	
	Guru Harkishan Nagar	
	Guru Nanak Nagar	
	H Block Type 1	
	H Block Type 2	
	H Block Type 3	
	Haibatpur	
	Haidarpur	
	Haji Colony	
	Hamdard Nagar	
	Hamidpur	
	Hardev Nagar	
	Hareoli	
	Hargobind Enclave	
	Hari Enclave	
	Hari Nagar	
	Harkesh Nagar	
	Hasanpur	
	Hasting Square	
	Hastsal	
	Hauz Khas	
	Hauz Qazi	
	Hauz Rani	
	Havelock Square	
	Hemkunt Colony	
	Hiran Kudna	
	Hiranki	
	Holambi Kalan	
	Holambi Khurd	
	Hudson Lane	
	Humayunpur	
	IGI Airport Area	
	IIT Campus	
	INA	
	ITO	
	Ibrahimpur	
	Inder Enclave	
	Inderlok	
	Inderpuri	
	India Gate	
	Indira Nagar	
	Indira Park	
	Indira Vihar	
	Indraprastha	
	Indraprastha Extension	
	Isapur	
	Jafarpur Kalan	
	Jaffrabad	
	Jagatpuri	
	Jagdamba	
	Jagjeet Nagar	
	Jagriti Enclave	
	Jahangirpuri	
	Jai Vihar	
	Jainpur	
	Jaitpur	
	Jal Vihar	
	Jama Masjid	
	Jamia Nagar	
	Janakpuri	
	Jangpura	
	Janpath	
	Jasola	
	Jat Khor	
	Jawahar Nagar	
	Jawalaheri	
	Jeevan Park	
	Jhandewalan	
	Jhangola	
	Jharera Village	
	Jharoda Kalan	
	Jhatikra	
	Jheel Khurenja	
	Jheemarpura Village	
	Jhilmil Colony	
	Jhilmil Industrial Area	
	Jhuljhuli	
	Jia Sarai	
	Jindal Colony	
	Jitar Nagar	
	Jiwan Nagar	
	Jnu Campus Area	
	Joga Bai	
	Johripur	
	Jonapur	
	Jonti	
	Jor Bagh	
	Kadipur	
	Kair	
	Kaka Nagar	
	Kakrola	
	Kali Bari Apartment	
	Kalkaji	
	Kalu Sarai	
	Kalyan Vihar	
	Kalyanpuri	
	Kamalpur	
	Kamaruddin Nagar	
	Kamla Market	
	Kamla Nagar	
	Kanganheri	
	Kanhiya Nagar	
	Kanjhawla	
	Kanwar Singh Nagar	
	Kapashera	
	Kapurthala Plots	
	Karala	
	Karampura	
	Karawal Nagar	
	Karkar Duma	
	Karol Bagh	
	Kashmere Gate	
	Kasturba Gandhi Marg	
	Kasumpur Village	
	Katewra	
	Kathwara	
	Katwaria Sarai	
	Keshav Park	
	Keshav Puram	
	Keshopur	
	Khajoori Khas	
	Khampur	
	Khanpur	
	Khari Baoli	
	Kharkhari Jatmal	
	Kharkhari Rondh	
	Khera	
	Khera Dabar	
	Khera Kalan	
	Khera Khurd	
	Khirki Extension	
	Khirki Village	
	Khizrabad	
	Khushk	
	Khyala	
	Kidwai Nagar	
	Kilokri	
	Kingsway Camp	
	Kirpal Bagh	
	Kirti Nagar	
	Kishan Ganj	
	Kishangarh	
	Kohat Enclave	
	Kondli	
	Krishan Vihar	
	Krishna Nagar	
	Kundli	
	Lado Sarai	
	Ladpur	
	Lady Hardinge Medical College	
	Lajpat Nagar 1	
	Lajpat Nagar 2	
	Lajpat Nagar 3	
	Lajpat Nagar 4	
	Lajwanti Garden	
	Lakhpat Colony	
	Lakshmi Nagar	
	Lal Kuan	
	Lalita Park	
	Lampur	
	Lawrence Road	
	Laxmi Nagar	
	Libaspur	
	Lodhi Colony	
	Lodhi Estate	
	Lodhi Garden	
	Lodhi Road	
	Loha Mandi	
	Loharheri	
	Lok Nayak Puram	
	Lok Vihar	
	Loni	
	MBS Nagar	
	Madangir	
	Madanpur Dabas	
	Madhu Vihar	
	Madhuban Chowk	
	Madipur	
	Maharajpur	
	Maharani Enclave	
	Mahavir Enclave 1	
	Mahavir Enclave 2	
	Mahavir Enclave 3	
	Mahendra Park	
	Mahindru Enclave	
	Mahindru Enclave Chhatrsal Stadium	
	Mahipalpur	
	Majnu Ka Tila	
	Maksudabad	
	Malakand Lines	
	Malikpur	
	Maliwara	
	Malka Ganj	
	Malviva Noae	
	Mamurpur	
	Mandawali	
	Mandi House	
	Mandli	
	Mandoli	
	Manglapuri	
	Mangolpuri	
	Mansa Ram Park	
	Mansarovar Garden	
	Mansarovar Park	
	Masudpur	
	Matiala	
	Mayapuri	
	Mayur Vihar	
	Mayur Vihar Extension	
	Mayur Vihar Phase 1	
	Mayur Vihar Phase ?	
	Mayur Vihar Phase 3	
	Meena Bagh	
	Meer Vihar	
	Meera Bagh	
	Meet Nagar	
	Mehram Nagal	
	Mehrauli	
	Milan Vihar	
	Milap Nagar	
	Minto Road	
	Mirzapur	
	Mithapur	
	Mitraon	
	Miyanwali Nagar	
	Model Town	
	Model Town 1	
	Model Town 2	
	Model Town 3	
	Mohammadpur	
	Mohan Garden	
	Mohan Nagar	
	Mori Gate	
	Moti Gaon	
	Moti Nagar	
	Motia Khan	
	Motilal Nehru Marg Area	
	Mubarakpur Dabas	
	Muhammadpur Majri	
	Mukhmelpur	
	Mukundpur	
	Mundaka	
	Mundhala Kalan	
	Mundhala Khurd	
	Mundka	
	Mungesh Pur	
	Munirka	
	Muradabad Pahari	
	Mustafabad	
	NDMC Flats Lal Bahadur Sadan	
	Nabi Karim	
	Nagla Machi	
	Naharpur Village	
	Najafgarh	
	Nanak Heri	
	Nanak Pura	
	Nand Nagri	
	Nangal Thakran	
	Nangli Puna	
	Nangli Sakrawati	
	Nangli Vihar	
	Nangloi	
	Naraina	
	Narela	
	Nasirpur Dwarka 	
	Nathupura	
	National Stadium	
	National Zoological Park	
	Nauroji Nagar	
	Navjivan Vihar	
	Nawada	
	Naya Bas	
	Nayagaon	
	Neb Sarai	
	Neelwal	
	Neeti Bagh	
	Nehru Nagar	
	Nehru Place	
	Netaji Subhash Place	
	New Ashok Nagar	
	New Friends Colony	
	New Kondli	
	New Manglapuri	
	New Moti Bagh	
	New Moti Nagar	
	New Multan Nagar	
	New Rajdhani Enclave	
	New Rajendra Nagar	
	New Seelampur	
	Nihal Vihar	
	Nilothi	
	Nirankari Colony	
	Nirman Vihar	
	Nithari	
	Nizamuddin	
	Noor Nagar	
	North Block	
	North End	
	Okhla	
	Okhla Industrial Estate Phase 1	
	Okhla Industrial Estate Phase 2	
	Okhla Industrial Estate Phase 3	
	Okhla Industrial Estate Phase 4	
	Old Rajendra Nagar	
	Om Vihar	
	Outram Lines	
	Padam Nagar	
	Paharganj	
	Pahari Dhiraj	
	Palam	
	Palla Village	
	Panchkuian Road	
	Panchseel Park	
	Panchsheel Enclave	
	Panchsheel Extension	
	Panchsheel Park	
	Panchsheel Vihar	
	Panchwati	
	Pandara Park	
	Pandara Road Flats	
	Pandav Nagar	
	Pankha Road	
	Pansoli	
	Pant Nagar	
	Paprawat	
	Param Puri	
	Parjapat Colony	
	Paryatan Vihar	
	Paryavaran Complex	
	Paschim Vihar	
	Paschimpuri	
	Patel Nagar	
	Patel Nagar West	
	Patparganj	
	Peera Garhi	
	Pehladpur Bangar	
	Peshwa Road Apartments	
	Pindwala Kalan	
	Pindwala Khurd	
	Pitampura	
	Pooth Kalan Village	
	Poshangipur	
	Pragati Maidan	
	Pragati Vihar	
	Prahladpur	
	Prasad Nagar	
	Prashant Vihar	
	Pratap Nagar	
	Pratap Vihar	
	Preet Vihar	
	Prem Nagar	
	Prem Vihar	
	Princess Park	
	Prithviraj Road Area	
	Pulpehladpur	
	Punjab Khor	
	Punjabi Bagh East	
	Punjabi Bagh West	
	Pur Delhi	
	Pur Village	
	Purana Qila	
	Pusa Road Area	
	Pushp Vihar	
	Pushpanjali Enclave	
	Puth Khurd	
	Qazi Pur	
	Qullakpur	
	Qutab Vihar	
	Qutabpur Village	
	RK Puram	
	Rabindra Nagar	
	Radhe Mohan Drive	
	Radheypuri	
	Raghopur	
	Raghubir Nagar	
	Raisina Hill	
	Raj Ghat Area	
	Raja Garden	
	Raja Park	
	Rajendra Place	
	Rajokri	
	Rajouri Garden	
	Rajpur Khurd	
	Rajpur Khurd Extension	
	Rajpura	
	Raju Camp	
	Rakabganj	
	Ram Dutt Enclave	
	Ram Manohar Lohia Hospita	
	Ram Nagar	
	Rama Garden	
	Rama Road	
	Rama Vihar	
	Ramesh Nagar	
	Rampuri	
	Rana Park	
	Ranaji Enclave	
	Rangpuri	
	Ranhola	
	Rani Enclave	
	Rani Khera	
	Ranjeet Nagar	
	Ranjit Nagar	
	Rasoolpur	
	Rawta	
	Razapur Kalan	
	Razapur Khurd	
	Rbi Officers Colony	
	Red Fort	
	Rithala	
	Rohini	
	Rohini Avantika	
	Rohini Extension	
	Rohini Institutional Area	
	Rohini Rajiv Nagar	
	Rohini Sector 1	
	Rohini Sector 10	
	Rohini Sector 11	
	Rohini Sector 12	
	Rohini Sector 13	
	Rohini Sector 14	
	Rohini Sector 15	
	Rohini Sector 16	
	Rohini Sector 17	
	Rohini Sector 18	
	Rohini Sector 19	
	Rohini Sector 2	
	Rohini Sector 20	
	Rohini Sector 21	
	Rohini Sector 22	
	Rohini Sector 23	
	Rohini Sector 24	
	Rohini Sector 25	
	Rohini Sector 26	
	Rohini Sector 27	
	Rohini Sector 28	
	Rohini Sector 29	
	Rohini Sector 3	
	Rohini Sector 30	
	Rohini Sector 32	
	Rohini Sector 34	
	Rohini Sector 35	
	Rohini Sector 36	
	Rohini Sector 37	
	Rohini Sector 38	
	Rohini Sector 4	
	Rohini Sector 5	
	Robini Sootee	
	Rohini Sector 7	
	Rohini Sector 8	
	Rohini Sector 9	
	Rohini Sector-36	
	Rohini Sector-37	
	Rohtak Road	
	Roop Nagar	
	Rouse Avenue	
	Sabhapur Delhi	
	Sabhaypur Gujran	
	Saboli	
	Sadar Bazaar Area	
	Sadig Nagai	
	Safdarjung	
	Sagarpur	
	Sagarpur Main	
	Sahupura	
	Said Ul Ajaib	
	Saidabad	
	Sainik Farms	
	Saket	
	Salahpur Majra	
	Salahpur Village	
	Samaipur	
	Samalkha	
	Samaspur	
	Samay Pur	
	Samazpur Khalsa	
	Sangam Vihai	
	Sanjay Colony	
	Sanjay Gandhi Transport Naga	
	Sanoth	
	Sansad Marg Area	
	Sant Garh	
	Sanwal Nagar	
	Sarai Jhuliana	
	Sarai Kale Khan	
	Sarai Pipal Thala	
	Sarai Rohilla	
	Sarangpur	
	Saraswati Garden	
	Saraswati Vihar	
	Sarita Vihar	
	Sarojini Nagar	
	Saroop Nagar	
	Sarvapriya Vihar	
	Sarvodaya Enclave	
	Satbari	
	Satbari Ansal Villa	
	Satya Niketan	
	Saurabh Vihar	
	Savdan	
	Savitri Nagar	
	Sawda	
	Sector D Type 1 Quarters	
	Sector D Type 2 Quarters	
	Sector D Type 3 Quarters	
	Seelampur	
	Seemapuri	
	Sewa Nagar	
	Shadipur	
	Shahabad Mohammadpur	
	Shahbad Dairy	
	Shahdara	
	Shaheed Bhagat Singh Marg Area	
	Shaheen Bagh	
	Shahpur Jat Village	
	Shahpura	
	Shahurpur	
	Shahzada Bagh	
	Shakarpur	
	Shakti Nagar	
	Shakurbasti	
	Shakurpur	
	Shalimar Bagh	
	Sham Nagar	
	Shanjar Pur	
	Shankarpura	
	Shanti Kunj	
	Shanti Niketan	
	Shanti Van Area	
	Shashtri Nagar	
	Shastri Nagar	
	Shastri Park	
	Shastri Rail Yard	
	Sheikh Sarai	
	Sherpur	
	Shikarpur	
	Shiv Nagar	
	Shiv Puri	
	Shivaji Enclave	
	Shivaji Nagar	
	Shukla Enclave	
	Shyam Nagar	
	Siddhartha Enclave	
	Siddhartha Extension	
	Siddhartha Nagar	
	Singhola	
	Singhu	
	Siraspur	
	Siri Fort	
	Sitapuri	
	Sitaram Bazaar Area	
	Soami Nagar	
	Sonia Vihar	
	South Block	
	South Extension	
	South Extension Part 1	
	South Extension Part 2	
	Sri Nagar Garden	
	Sriniwaspuri	
	State Bank Colony	
	State Bank Nagar	
	Subhadra Colony	
	Subhash Nagar	
	Subroto Park	
	Sudarshan Park	
	Suiwalan	
	Sujan Singh Park	
	Sukhdev Vihar	
	Sultanpur	
	Sultanpuri	
	Sundar Nagar	
	Sunder Vihar	
	Sungarpur	
	Sunlight Colony	
	Supreme Court	
	Suraj Park	
	Suraj Vihar	
	Surajmal Vihar	
	Surera	
	Surkhpur	
	Swami Shraddhanand Park	
	Swasthya Vihar	
	Tagore Garden	
	Tajpur Kalan	
	Tajpur Khurd	
	Tajpur Village	
	Talkatora Garden	
	Tara Nagar	
	Tatesar	
	Teen Murti Marg Area	
	Tehri Dulat Pur	
	Tekhand	
	Than Singh Naga	
	Tiggipur	
	Tigri	
	Tihar	
	Tikri Kalan	
	Tikri Khurd	
	Tilak Nagar	
	Timarpur	
	Tis Hazari	
	Todapur	
	Tolstoy Marg	
	Tomar Colony	
	Transit Camp Residential Area	
	Tri Nagar	
	Trilokpuri	
	Tughlak Road Area	
	Tughlakabad	
	Tukmirpur	
	Tunda Nagar	
	Uday Vihar	
	Udyog Nagar Industrial Area	
	Ujwa	
	University Area North Campus	
	Usha Park	
	Usmanpur	
	Utsav Vihar	
	Uttam Nagar	
	Varun Niketan	
	Vasant Enclave	
	Vasant Kunj	
	Vasant Vihar	
	Vasundhara Enclave	
	Vayusenabad	
	Veena Enclave	
	Vigyan Vihar	
	Vijay Nagar	
	Vikaspuri	
	Vinod Nagar	
	Vipin Garden	
	Virendra Nagar	
	Vishal Enclave	
	Vishnu Garden	
	Vishwakarma Colony	
	Vishwas Park	
	Viswakarma Colony	
	Vivek Vihar Phase 1	
	Vivek Vihar Phase 2	
	Wazirabad	
	Wazirpur	
	West End	
	Wilson Square	
	Windsor Place	
	Yadav Nagar	
	Yakutpur	
	Yamuna Bank	
	Yojana Vihar	
	Yusuf Sarai	
	Zakir Nagar	
	Ziauddin Pur	
	Zimidinpur	
	Zindpur	
	gb road	
Gurgaon	localily 	state 
	Aath Marla	haryana 
	Acharya Puri	
	Adarsh Nagar	
	Airforce Station	
	Amanpura	
	Amar Colony	
	Ambedkar Nagar	
	Ambience Island	
	Ammunition Depot	
	Anaj Mandi	
	Anamika Enclave	
	Ansal Plaza	
	Apna Enclave	
	Ardee City	
	Arjun Nagar	
	Ashok Puri	
	Ashok Vihar	
	Ashok Vihar Phase 1	
	Ashok Vihar Phase 2	
	Ashok Vihar Phase 3	
	Ashok Vihar Phase II Extension	
	Auto Market	
	Babupur	
	Badha	
	Badshahpur	
	Bajghera Village	
	Baldev Nagar	
	Baluda	
	Band Colony	
	Bans Hari	
	Bar Gujiar	
	Baraf Khana	
	Basai	
	Basai Enclave 1	
	Basai Enclave 2	
	Basai Road	
	Basharia	
	Baskhusla	
	Begampur Khatola	
	Behrampur	
	Bhangrola	
	Bhawani Enclave	
	Bhim Nagar	
	Bhimgarh Kheri Phase 1	
	Bhimgarh Kheri Phase 2	
	Bhimgarh Kheri Phase 3	
	Bhondsi	
	Binola	
	Bissar	
	Budhera	
	Canal Colony	
	Cancon Enclave	
	Carterpuri	
	Chakkarpur	
	Chander Nagar	
	Char Marla	
	Choma	
	Civil Lines	
	Cyber City	
	DLF City	
	DLF City Phase 1	
	DLF City Phase 2	
	DLF City Phase 3	
	DLF City Phase 4	
	DLF City Phase 5	
	Darbaripur Village	
	Daulatabad	
	Daulatabad Industrial Area	
	Dayanand Colony	
	Delhi Road	
	Devilal Colony	
	Dhana	
	Dhani Hasanpur Village	
	Dhankot	
	Dhanwapur	
	Dharam Colony	
	Dharampur	
	Dhorka	
	Dhumaspur 86	
	Dundahera	
	Durga Colony	
	Dwarka Expressway	
	Fakharpur	
	Fazilpur Jharsa	
	Feroz Gandhi Colony	
	Feroz Gandhi Colony Phase 2	
	Friends Colony	
	Gandhi Nagar	
	Garden Estate	
	Garhi Harsaru	
	Garoli Kalan	
	Garoli Khurd	
	Ghasola	
	Ghata Village	
	Golf Course Extn Road	
	Golf Course Road	
	Gopal Nagar	
	Gopalpur Village	
	Greenwood City	
	Gurgaon Village	
	Gurgaon-Faridabad Road	
	Gwal Pahari	
	HVPNL Colony	
	Hans Enclave	
	Hari Nagar	
	Harsuru Village	
	Hasanpur Village	
	Hayatpur	
	Heera Nagar	
	Heritage City	
	Housing Board Colony	
	IFFCO Chowk	
	IMT Manesar	
	ISBT and MRTS Depot	
	ITI Colony	
	Idgah Colony	
	Iffco Colony	
	Indira Colony	
	Indira Colony 2	
	Indra Puri	
	Industrial Estate Development Colony	
	Info City	
	Info City 2	
	Islamni	
	Jacobpura	
	Jalvayu Vihar	
	Jamalpur	
	Jawahar Nagar	
	Jharsa	
	Jhund Sarai Abad	
	Jhund Sarai Viran 123	
	Jyoti Park	
